{
    "blueprintName": "sample",
    "blueprintVersion": 2,
    "seed": 12345,
    "starTag": "Solid",
    "waruyakuTag": "Waruyaku_H",
    "washiTag": "Washi_Default",
    "launchTag": "Launch_Default",
    "starCount": 8044,
    "burstCount": 27,
    "launchSpeed": 480.0,
    "fuseSeconds": 3.5,
    "gravityScale": 1.0,
    "windScale": 0.20000000298023225,
    "dragScale": 0.20000000298023225,
    "kindStats": [
        {
            "kind": "Solid",
            "count": 8044,
            "avgSpeed": 386.3569030761719,
            "maxSpeed": 407.1838684082031,
            "minSpeed": 347.3784484863281,
            "avgLife": 3.200016975402832,
            "avgSize": 0.060048509389162067,
            "avgDelay": 0.10934635251760483
        }
    ],
    "bursts": [
        {
            "index": 0,
            "timeLocal": 0.5236332416534424,
            "particleCount": 370,
            "avgSpeed": 390.84637451171877,
            "maxSpeed": 404.64691162109377,
            "minSpeed": 352.2460632324219,
            "avgLife": 3.1972286701202394,
            "avgSize": 0.06011376902461052,
            "avgDelay": 0.1398094892501831,
            "dirBias": 0.975925624370575,
            "meanDir": {
                "x": 0.1645180732011795,
                "y": 0.9619587063789368,
                "z": -0.0002677922311704606
            }
        },
        {
            "index": 1,
            "timeLocal": 0.5394536852836609,
            "particleCount": 615,
            "avgSpeed": 386.65838623046877,
            "maxSpeed": 405.8644714355469,
            "minSpeed": 351.9515686035156,
            "avgLife": 3.1996212005615236,
            "avgSize": 0.0599362812936306,
            "avgDelay": 0.1276157647371292,
            "dirBias": 0.9649869203567505,
            "meanDir": {
                "x": 0.7236990928649902,
                "y": -0.003742118366062641,
                "z": 0.6383144855499268
            }
        },
        {
            "index": 2,
            "timeLocal": 0.551973819732666,
            "particleCount": 593,
            "avgSpeed": 387.00048828125,
            "maxSpeed": 407.1838684082031,
            "minSpeed": 353.8836975097656,
            "avgLife": 3.196692943572998,
            "avgSize": 0.059966228902339938,
            "avgDelay": 0.1109776496887207,
            "dirBias": 0.9646520018577576,
            "meanDir": {
                "x": 0.7976027727127075,
                "y": 0.5218132734298706,
                "z": 0.14864137768745423
            }
        },
        {
            "index": 3,
            "timeLocal": 0.5547144412994385,
            "particleCount": 298,
            "avgSpeed": 387.83013916015627,
            "maxSpeed": 404.6202697753906,
            "minSpeed": 354.73876953125,
            "avgLife": 3.1998229026794435,
            "avgSize": 0.06001566722989082,
            "avgDelay": 0.10369899123907089,
            "dirBias": 0.9806856513023377,
            "meanDir": {
                "x": 0.20273630321025849,
                "y": 0.677094042301178,
                "z": 0.6798426508903503
            }
        },
        {
            "index": 4,
            "timeLocal": 0.5598104596138,
            "particleCount": 342,
            "avgSpeed": 384.8407897949219,
            "maxSpeed": 400.54583740234377,
            "minSpeed": 347.91571044921877,
            "avgLife": 3.198580503463745,
            "avgSize": 0.06012025848031044,
            "avgDelay": 0.10947393625974655,
            "dirBias": 0.9776338338851929,
            "meanDir": {
                "x": 0.5649184584617615,
                "y": 0.6236686706542969,
                "z": -0.49766701459884646
            }
        },
        {
            "index": 5,
            "timeLocal": 0.5637525320053101,
            "particleCount": 591,
            "avgSpeed": 385.1666259765625,
            "maxSpeed": 403.31915283203127,
            "minSpeed": 351.9501953125,
            "avgLife": 3.196995496749878,
            "avgSize": 0.060312964022159579,
            "avgDelay": 0.11292819678783417,
            "dirBias": 0.9647858738899231,
            "meanDir": {
                "x": 0.7951517105102539,
                "y": -0.5258222222328186,
                "z": 0.14851458370685578
            }
        },
        {
            "index": 6,
            "timeLocal": 0.5722092390060425,
            "particleCount": 368,
            "avgSpeed": 390.1423645019531,
            "maxSpeed": 402.52117919921877,
            "minSpeed": 352.24609375,
            "avgLife": 3.196141481399536,
            "avgSize": 0.06006154417991638,
            "avgDelay": 0.12026569992303848,
            "dirBias": 0.9760448336601257,
            "meanDir": {
                "x": 0.1627580225467682,
                "y": -0.962378978729248,
                "z": -0.00009126099030254409
            }
        },
        {
            "index": 7,
            "timeLocal": 0.5727906823158264,
            "particleCount": 396,
            "avgSpeed": 386.2570495605469,
            "maxSpeed": 401.787841796875,
            "minSpeed": 347.3784484863281,
            "avgLife": 3.1940581798553469,
            "avgSize": 0.05950772762298584,
            "avgDelay": 0.12286265939474106,
            "dirBias": 0.9741648435592651,
            "meanDir": {
                "x": -0.18042238056659699,
                "y": 0.6079963445663452,
                "z": -0.7394493222236633
            }
        },
        {
            "index": 8,
            "timeLocal": 0.575025737285614,
            "particleCount": 171,
            "avgSpeed": 386.8309631347656,
            "maxSpeed": 400.43646240234377,
            "minSpeed": 353.2475280761719,
            "avgLife": 3.2099668979644777,
            "avgSize": 0.06070982664823532,
            "avgDelay": 0.09560619294643402,
            "dirBias": 0.9912859797477722,
            "meanDir": {
                "x": -0.3687606453895569,
                "y": 0.7107899188995361,
                "z": 0.5843297243118286
            }
        },
        {
            "index": 9,
            "timeLocal": 0.5818288326263428,
            "particleCount": 328,
            "avgSpeed": 386.0502624511719,
            "maxSpeed": 401.9908142089844,
            "minSpeed": 352.1661682128906,
            "avgLife": 3.19803786277771,
            "avgSize": 0.06020641326904297,
            "avgDelay": 0.10548683255910874,
            "dirBias": 0.9826618432998657,
            "meanDir": {
                "x": -0.5165818333625794,
                "y": 0.8248360753059387,
                "z": -0.13569426536560059
            }
        },
        {
            "index": 10,
            "timeLocal": 0.5819492340087891,
            "particleCount": 296,
            "avgSpeed": 385.495361328125,
            "maxSpeed": 401.2383728027344,
            "minSpeed": 351.2193908691406,
            "avgLife": 3.2010560035705568,
            "avgSize": 0.05939054489135742,
            "avgDelay": 0.09784901887178421,
            "dirBias": 0.9811244606971741,
            "meanDir": {
                "x": 0.2013881951570511,
                "y": -0.6831239461898804,
                "z": 0.6748256683349609
            }
        },
        {
            "index": 11,
            "timeLocal": 0.5868045091629028,
            "particleCount": 340,
            "avgSpeed": 384.859130859375,
            "maxSpeed": 401.5509948730469,
            "minSpeed": 350.5547790527344,
            "avgLife": 3.1984059810638429,
            "avgSize": 0.0602780245244503,
            "avgDelay": 0.10180530697107315,
            "dirBias": 0.9776365160942078,
            "meanDir": {
                "x": 0.562055766582489,
                "y": -0.6286258101463318,
                "z": -0.49466758966445925
            }
        },
        {
            "index": 12,
            "timeLocal": 0.59230637550354,
            "particleCount": 164,